{"cameraMode":{"drawMode":0,"name":"Shaded","section":"Shading Mode"},"sceneLighting":true,"audioPlay":false,"sceneViewState":{"m_AlwaysRefresh":false,"showFog":true,"showSkybox":true,"showFlares":true,"showImageEffects":true,"showParticleSystems":true,"showVisualEffectGraphs":true,"m_FxEnabled":true},"in2DMode":false,"pivot":{"x":14.59947395324707,"y":6.250706672668457,"z":7.021479606628418},"rotation":{"x":0.23775701224803925,"y":-0.19936229288578034,"z":0.050011664628982547,"w":0.9494112730026245},"size":1.652291178703308,"orthographic":false}